<application>
  <component name="ProjectJdkTable">
    <jdk version="2">
      <name value="Python 3.6 (spider)" />
      <type value="Python SDK" />
      <version value="Python 3.6.5" />
      <homePath value="E:\virtualenvs\spider\Scripts\python.exe" />
      <roots>
        <classPath>
          <root type="composite">
            <root url="file://D:/code_software/Python/Python3/DLLs" type="simple" />
            <root url="file://D:/code_software/Python/Python3/Lib" type="simple" />
            <root url="file://D:/code_software/Python/Python3" type="simple" />
            <root url="file://E:/virtualenvs/spider" type="simple" />
            <root url="file://E:/virtualenvs/spider/Lib/site-packages" type="simple" />
            <root url="file://E:/virtualenvs/spider/Lib/site-packages/win32" type="simple" />
            <root url="file://E:/virtualenvs/spider/Lib/site-packages/win32/lib" type="simple" />
            <root url="file://E:/virtualenvs/spider/Lib/site-packages/pythonwin" type="simple" />
            <root url="file://$USER_HOME$/.PyCharmCE2019.1/system/python_stubs/-633404135" type="simple" />
            <root url="file://$APPLICATION_HOME_DIR$/helpers/python-skeletons" type="simple" />
            <root url="file://$APPLICATION_HOME_DIR$/helpers/typeshed/stdlib/3" type="simple" />
            <root url="file://$APPLICATION_HOME_DIR$/helpers/typeshed/stdlib/2and3" type="simple" />
            <root url="file://$APPLICATION_HOME_DIR$/helpers/typeshed/third_party/3" type="simple" />
            <root url="file://$APPLICATION_HOME_DIR$/helpers/typeshed/third_party/2and3" type="simple" />
          </root>
        </classPath>
        <sourcePath>
          <root type="composite" />
        </sourcePath>
      </roots>
      <additional ASSOCIATED_PROJECT_PATH="E:/virtualenvs/spider/src" />
    </jdk>
  </component>
</application>